Cheque 309150.png,0,1
Cheque 309151.png,0,1
Cheque 309153.png,0,1
Cheque 309155.png,0,1
Cheque 309156.png,0,1
Cheque 309157.png,0,1
Cheque 309158.png,0,1
Cheque 309159.png,0,1
Cheque 309160.png,0,1
image (1901).png,1,1
image (1902).png,1,1
image (1903).png,1,1
image (1904).png,1,1
image (1905).png,1,1
image (1906).png,1,1
image (1907).png,1,1
image (1908).png,1,1
image (1909).png,1,1
image (1910).png,1,1
image (1911).png,1,1
image (1912).png,1,1
image (1913).png,1,1
image (1914).png,1,1
image (1915).png,1,1
image (1916).png,1,1
image (1917).png,1,1
image (1918).png,1,1
image (1919).png,1,1
image (1920).png,1,1
image (1921).png,1,1
image (1922).png,1,1
image (1923).png,1,1
image (1924).png,1,1
image (1925).png,1,1
image (1926).png,1,1
image (1927).png,1,1
image (1928).png,1,1
image (1929).png,1,1
image (1930).png,1,1
image (1931).png,1,1
image (1932).png,1,1
image (1933).png,1,1
image (1934).png,1,1
image (1935).png,1,1
image (1936).png,1,1
image (1937).png,1,1
image (1938).png,1,1
image (1939).png,1,1
image (1940).png,1,1
image (1941).png,1,1
image (1942).png,1,1
image (1943).png,1,1
image (1944).png,1,1
image (1945).png,1,1
image (1946).png,1,1
image (1947).png,1,1
image (1948).png,1,1
image (1949).png,1,1
image (1950).png,1,1
image (1951).png,1,1
image (1952).png,1,1
image (1953).png,1,1
image (1954).png,1,1
image (1955).png,1,1
image (1956).png,1,1
image (1957).png,1,1
image (1958).png,1,1
image (1959).png,1,1
image (1960).png,1,1
image (1961).png,1,1
image (1962).png,1,1
image (1963).png,1,1
image (1964).png,1,1
image (1965).png,1,1
image (1966).png,1,1
image (1967).png,1,1
image (1968).png,1,1
image (1969).png,1,1
image (1970).png,1,1
image (1971).png,1,1
image (1972).png,1,1
image (1973).png,1,1
image (1974).png,1,1
image (1975).png,1,1
image (1976).png,1,1
image (1977).png,1,1
image (1978).png,1,1
image (1979).png,1,1
image (1980).png,1,1
image (1981).png,1,1
image (1982).png,1,1
image (1983).png,1,1
image (1984).png,1,1
image (1985).png,1,1
image (1986).png,1,1
image (1987).png,1,1
image (1988).png,1,1
image (1989).png,1,1
image (1990).png,1,1
image (1991).png,1,1
image (1992).png,1,1
image (1993).png,1,1
image (1994).png,1,1
image (1995).png,1,1
image (1996).png,1,1
image (1997).png,1,1
image (1998).png,1,1
image (1999).png,1,1
image (2000).png,1,1
image (600).png,1,1
image (601).png,1,1
image (602).png,1,1
image (603).png,1,1
image (604).png,1,1
image (605).png,1,1
image (606).png,1,1
image (607).png,1,1
image (608).png,1,1
image (609).png,1,1
image (610).png,1,1
image (611).png,1,1
image (612).png,1,1
image (613).png,1,1
image (614).png,1,1
image (615).png,1,1
image (616).png,1,1
image (617).png,1,1
image (618).png,1,1
image (619).png,1,1
image (620).png,1,1
image (621).png,1,1
image (622).png,1,1
image (623).png,1,1
image (624).png,1,1
image (625).png,1,1
image (626).png,1,1
image (627).png,1,1
image (628).png,1,1
image (629).png,1,1
image (630).png,1,1
image (631).png,1,1
image (632).png,1,1
image (633).png,1,1
image (634).png,1,1
image (635).png,1,1
image (636).png,1,1
image (637).png,1,1
image (638).png,1,1
image (639).png,1,1
image (640).png,1,1
image (641).png,1,1
image (642).png,1,1
image (643).png,1,1
image (644).png,1,1
image (645).png,1,1
image (646).png,1,1
image (647).png,1,1
image (648).png,1,1
image (649).png,1,1
image (650).png,1,1
image (651).png,1,1
image (652).png,1,1
image (653).png,1,1
image (654).png,1,1
image (655).png,1,1
image (656).png,1,1
image (657).png,1,1
image (658).png,1,1
image (659).png,1,1
image (660).png,1,1
image (661).png,1,1
image (662).png,1,1
image (663).png,1,1
image (664).png,1,1
image (665).png,1,1
image (666).png,1,1
image (667).png,1,1
image (668).png,1,1
image (669).png,1,1
image (670).png,1,1
image (671).png,1,1
image (672).png,1,1
image (673).png,1,1
image (674).png,1,1
image (675).png,1,1
image (676).png,1,1
image (677).png,1,1
image (678).png,1,1
image (679).png,1,1
image (680).png,1,1
image (681).png,1,1
image (682).png,1,1
image (683).png,1,1
image (684).png,1,1
image (685).png,1,1
image (686).png,1,1
image (687).png,1,1
image (688).png,1,1
image (689).png,1,1
image (690).png,1,1
image (691).png,1,1
image (692).png,1,1
image (693).png,1,1
image (694).png,1,1
image (695).png,1,1
image (696).png,1,1
image (697).png,1,1
image (698).png,1,1
image (699).png,1,1
image (700).png,1,1
image (701).png,1,1
image (702).png,1,1
image (703).png,1,1
image (704).png,1,1
image (705).png,1,1
image (706).png,1,1
image (707).png,1,1
image (708).png,1,1
image (709).png,1,1
image (710).png,1,1
image (711).png,1,1
image (712).png,1,1
image (713).png,1,1
image (714).png,1,1
image (715).png,1,1
image (716).png,1,1
image (717).png,1,1
image (718).png,1,1
image (719).png,1,1
image (720).png,1,1
image (721).png,1,1
image (722).png,1,1
image (723).png,1,1
image (724).png,1,1
image (725).png,1,1
image (726).png,1,1
image (727).png,1,1
image (728).png,1,1
image (729).png,1,1
image (730).png,1,1
image (731).png,1,1
image (732).png,1,1
image (733).png,1,1
image (734).png,1,1
image (735).png,1,1
image (736).png,1,1
image (737).png,1,1
image (738).png,1,1
image (739).png,1,1
image (740).png,1,1
image (741).png,1,1
image (742).png,1,1
image (743).png,1,1
image (744).png,1,1
image (745).png,1,1
image (746).png,1,1
image (747).png,1,1
image (748).png,1,1
image (749).png,1,1
image (750).png,1,1
image (751).png,1,1
image (752).png,1,1
image (753).png,1,1
image (754).png,1,1
image (755).png,1,1
image (756).png,1,1
image (757).png,1,1
image (758).png,1,1
image (759).png,1,1
image (760).png,1,1
image (761).png,1,1
image (762).png,1,1
image (763).png,1,1
image (764).png,1,1
image (765).png,1,1
image (766).png,1,1
image (767).png,1,1
image (768).png,1,1
image (769).png,1,1
image (770).png,1,1
image (771).png,1,1
image (772).png,1,1
image (773).png,1,1
image (774).png,1,1
image (775).png,1,1
image (776).png,1,1
image (777).png,1,1
image (778).png,1,1
image (779).png,1,1
image (780).png,1,1
image (781).png,1,1
image (782).png,1,1
image (783).png,1,1
image (784).png,1,1
image (785).png,1,1
image (786).png,1,1
image (787).png,1,1
image (788).png,1,1
image (789).png,1,1
image (790).png,1,1
image (791).png,1,1
image (792).png,1,1
image (793).png,1,1
image (794).png,1,1
image (795).png,1,1
image (796).png,1,1
image (797).png,1,1
image (798).png,1,1
image (799).png,1,1
image (800).png,1,1
pdf_test_1-01.png,0,1
pdf_test_1-02.png,0,1
pdf_test_1-03.png,0,1
pdf_test_1-04.png,0,1
pdf_test_1-05.png,0,1
pdf_test_1-06.png,0,1
pdf_test_1-07.png,0,1
pdf_test_1-08.png,0,1
pdf_test_1-09.png,0,1
pdf_test_1-10.png,0,1
pdf_test_10-1.png,0,1
pdf_test_10-2.png,0,1
pdf_test_10-3.png,0,1
pdf_test_10-4.png,0,1
pdf_test_10-5.png,0,1
pdf_test_10-6.png,0,1
pdf_test_10-7.png,0,1
pdf_test_10-8.png,0,1
pdf_test_10-9.png,0,1
pdf_test_2-01.png,0,1
pdf_test_2-02.png,0,1
pdf_test_2-03.png,0,1
pdf_test_2-04.png,0,1
pdf_test_2-05.png,0,1
pdf_test_2-06.png,0,1
pdf_test_2-07.png,0,1
pdf_test_2-08.png,0,1
pdf_test_2-09.png,0,1
pdf_test_2-10.png,0,1
pdf_test_2-11.png,0,1
pdf_test_2-12.png,0,1
pdf_test_2-13.png,0,1
pdf_test_2-14.png,0,1
pdf_test_2-15.png,0,1
pdf_test_2-16.png,0,1
pdf_test_2-17.png,0,1
pdf_test_2-18.png,0,1
pdf_test_2-19.png,0,1
pdf_test_3-01.png,0,1
pdf_test_3-02.png,0,1
pdf_test_3-03.png,0,1
pdf_test_3-04.png,0,1
pdf_test_3-05.png,0,1
pdf_test_3-06.png,0,1
pdf_test_3-07.png,0,1
pdf_test_3-08.png,0,1
pdf_test_3-09.png,0,1
pdf_test_3-10.png,0,2
pdf_test_3-11.png,0,1
pdf_test_3-12.png,0,1
pdf_test_3-13.png,0,1
pdf_test_3-14.png,0,1
pdf_test_3-15.png,0,1
pdf_test_3-16.png,0,2
pdf_test_3-17.png,0,1
pdf_test_3-18.png,0,1
pdf_test_3-19.png,0,1
pdf_test_3-20.png,0,1
pdf_test_3-21.png,0,1
pdf_test_4-01.png,0,1
pdf_test_4-02.png,0,1
pdf_test_4-03.png,0,1
pdf_test_4-04.png,0,1
pdf_test_4-05.png,0,1
pdf_test_4-06.png,0,1
pdf_test_4-07.png,0,1
pdf_test_4-08.png,0,1
pdf_test_4-09.png,0,1
pdf_test_4-10.png,0,1
pdf_test_4-11.png,0,1
pdf_test_4-12.png,0,1
pdf_test_4-13.png,0,1
pdf_test_4-14.png,0,1
pdf_test_4-15.png,0,1
pdf_test_4-16.png,0,1
pdf_test_4-17.png,0,1
pdf_test_4-18.png,0,1
pdf_test_4-19.png,0,1
pdf_test_7-1.png,0,1
pdf_test_7-2.png,0,1
pdf_test_7-3.png,0,1
pdf_test_7-4.png,0,1
pdf_test_7-5.png,0,1
pdf_test_7-6.png,0,1
pdf_test_7-7.png,0,1
pdf_test_8-1.png,0,1
pdf_test_8-2.png,0,1
pdf_test_8-3.png,0,1
pdf_test_8-4.png,0,1
pdf_test_8-5.png,0,1
pdf_test_8-6.png,0,1
pdf_test_9-01.png,1,1
pdf_test_9-02.png,1,1
pdf_test_9-03.png,1,1
pdf_test_9-04.png,1,1
pdf_test_9-05.png,1,1
pdf_test_9-06.png,1,1
pdf_test_9-07.png,1,1
pdf_test_9-08.png,1,1
pdf_test_9-09.png,1,1
pdf_test_9-10.png,1,1
pdf_test_9-11.png,1,1
pdf_test_9-12.png,1,1
pdf_test_9-13.png,1,1
pdf_test_9-14.png,1,1
pdf_test_9-15.png,1,1
pdf_test_9-16.png,1,1
pdf_test_9-17.png,1,1
stampDS-00340.png,1,0
stampDS-00341.png,1,0
stampDS-00342.png,1,0
stampDS-00343.png,1,0
stampDS-00344.png,1,0
stampDS-00345.png,1,0
stampDS-00346.png,1,0
stampDS-00347.png,1,0
stampDS-00348.png,1,0
stampDS-00349.png,1,0
stampDS-00350.png,1,0
